site,page_kind,source_url,status,observed_date,facts,rupee_prices_seen_inr,usd_prices_seen,quote_snippet_for_record,reused_verbatim_on_new_site
OnlineFraming,homepage,https://onlineframing.in/,ok,2026-09-27,turnaround: 3 days; 7 business days; same day; 7 working days; same-day | shipping charge: FREE SHIPPING; Free shipping | payment methods: credit card | size handling: Custom size; custom size,"399, 599, 699, 749, 799, 850, 899, 1249, 1299, 1399, 1499, 1699",,under our 15-day replacement guarantee . Outside Delhi NCR? We offer fast air shipping (2–3 days delivery) across India. 📞 Need it urgently? WhatsApp us for quick support: 7701890441 Buy,no
OnlineFraming,shipping policy,https://onlineframing.in/pages/shipping-policy,ok,2026-09-27,turnaround: 3 business days; 7 working days; 10 working days; within 24 hours,140,,y can. Standard Shipping: PRINT & PACK We print and pack your orders on demand within 2 – 3 business days. + TRANSIT Our shipping partners take 2 to 7 working days to deliver the orders based on,no
OnlineFraming,refund policy,https://onlineframing.in/pages/refund-policy,ok,2026-09-27,turnaround: 10 days | shipping charge: shipping cost; Shipping cost | payment methods: credit card,,,"Home | Refund Policy Refund Policy Returns Our policy lasts 10 days. If 10 days have gone by since your purchase, unfortunately we can’t offer you a refund o",no
Framebazaar,FAQs,https://framebazaar.com/pages/faqs,ok,2026-09-27,turnaround: 7 DAYS | shipping charge: shipping charges; free shipping,"150, 1000",,ting. SHIPPING ACROSS INDIA Spend more and save on delivery costs with our free shipping. 7 DAYS REPLACEMENT GUARANTEE Hassle-free replacement within a week of your order. Newsletter Sig,no
Framebazaar,shipping policy,https://framebazaar.com/policies/shipping-policy,ok,2026-09-27,turnaround: 5-14 business days; 2-7 business days; 7 Day; 7 DAYS | shipping charge: free shipping,,,Shipping policy DELIVERY Surface Delivery: 5-14 business days from placing the order Express Delivery: 2-7 business days from placing the order REPLACE,no
Framebazaar,refund policy,https://framebazaar.com/policies/refund-policy,ok,2026-09-27,turnaround: 7 Day; 7 days; 7 DAYS | shipping charge: free shipping,,,"Refund policy We have a 7 Day Replacement Policy, which means you have 7 days after receiving your item to request a re",no
Framebazaar,product example,https://framebazaar.com/products/osaka-frame,ok,2026-09-27,turnaround: 5-14 business days; 2-7 business days; 7 Day; 7 DAYS | shipping charge: free shipping | size handling: Custom Size,2499,,d-free mat and a premium clear acrylic. Shipping & Replacement SHIPPING Surface Shipping: 5-14 business days from placing the order Express Shipping: 2-7 business days from placing the order REPLACE,no
Framing World,FAQs,https://framingworld.in/pages/faqs,ok,2026-09-27,,,,,no
CanvasChamp,framed prints,https://www.canvaschamp.in/framed-prints,ok,2026-09-27,size handling: Custom Size,523,,"ke your special moments even more exceptional by letting you frame them the way you want! Custom Size (H X W) : 8"" 9"" 10"" 11"" 12"" 13"" 14"" 15"" 16"" 17"" 18"" 19"" 20"" 21"" 22"" 23"" 24"" 25"" 26"" 27"" 2",no
VistaPrint,photo with frame,https://www.vistaprint.in/photo-gifts/photo-with-frame,ok,2026-09-27,turnaround: Same Day; same day; Same day | payment methods: cod; Cash on Delivery; COD | upload limit: up to 250 MB,,,oduct comes ready to hang with inbuilt hangers Looking for Premium Acrylic Photo Prints ? Same Day Delivery available on select pin codes in Mumbai . Place your orders before 12 noon for s,no
Framebridge,how it works,https://www.framebridge.com/pages/how-it-works,ok,2026-09-27,size handling: any size,,,"l-In Service Learn More Visit a store Find A Location 2. Go fully custom Design your own: any size, any style, any mat Shuffle Artwork Toulouse + Burgundy Mini Stripe rounded wood frame wi",no
Framebridge,pricing,https://www.framebridge.com/pages/pricing,ok,2026-09-27,shipping charge: Shipping Fee,,"10, 15, 20, 25, 50, 70, 85, 90, 115, 125, 150, 175",Stores . Learn more about Oversized pricing. Our larger frames (sizes XL and G) require a Shipping Fee of $25 each. You can always pick up at a store for free. Start Framing Pricing based on t,no
Framebridge,return policy,https://www.framebridge.com/pages/return-policy,ok,2026-09-27,,,,,no
