observed_date,site,source_url,product_or_flow,observed_starting_price,price_currency,observed_options_or_features,planning_takeaway,limitations
2026-09-27,OnlineFraming,https://onlineframing.in/,Browse and custom upload,,INR,"Synthetic; metal; wooden; gifting; certificates; gallery walls; separate SimulArt-powered uploader",Unify upload/configure/cart under one visual flow,No authenticated checkout or every product checked
2026-09-27,Framebazaar,https://framebazaar.com/products/osaka-frame,Osaka metal frame,2499,INR,"Sizes; colors; photo upload up to stated 50 MB; preview; delivery estimates; WhatsApp custom-size enquiry",Show opening versus outer dimensions and realistic ETA,Starting price depends on configuration
2026-09-27,Framebazaar,https://framebazaar.com/products/the-tabletop,The Tabletop,1499,INR,"Sale price shown; 5×5 photo; 8×8 frame; finish choices; product inclusions",Explain frame/paper/glazing inclusions,Observed sale price is not guaranteed current
2026-09-27,Framebridge,https://www.framebridge.com/pages/what-are-you-framing,Guided framing intake,,USD,"Digital uploads; physical art; documents; 3D objects; textiles",Add guided what-are-you-framing page,US market and interactive designer not fully tested
2026-09-27,Framebridge,https://www.framebridge.com/pages/pricing,Digital framed item up to 5×7 inches,70,USD,"Size-band pricing with larger bands and optional add-ons",Explain pricing upfront,USD is not an India competitor price
2026-09-27,Framebridge,https://www.framebridge.com/pages/pricing,Physical item up to 5×7 inches,85,USD,"Mail-in physical artwork intake; printed versus physical bands",Quote physical artwork separately,Mail-in logistics need operational validation
2026-09-27,CanvasChamp,https://www.canvaschamp.in/framed-prints,Framed prints,523,INR,"Custom sizes shown 8–40 inches; multiple finishes; matte/gloss paper; white/black/no mat",Use curated options and image-quality guidance,Starting price is configuration-dependent
2026-09-27,Framing World,https://framingworld.in/collections/fine-art-prints/products/metal-frame,Metal frame,1450,INR,"Frame finish; normal or museum glass; acrylic; studio and archival papers",Show material tiers clearly rather than every combo at once,Price changes with configuration
2026-09-27,VistaPrint,https://www.vistaprint.in/photo-gifts/photo-with-frame,Photo With Frame,310,INR,"Size and color choices; design templates or upload; quantity price guide; pincode ETA; standard delivery",Make quantity break and pincode ETA transparent,Base configuration price from snapshot
