slug,name,short_description,observed_price_inr,observed_crossed_out_price_inr,old_site_image_path_reference_only,source_url,observed_date,stock_verified,price_owner_approved,image_rights_checked,publish_as_product
ancient-temple-carving-frame,Ancient Temple Carving Frame,South Indian temple architecture with stone carving patterns.,1399,1889,/images/prod-hist-temple.jpg,https://quality-glass-website.vercel.app/product/ancient-temple-carving-frame,2026-09-27,no,no,no,no
infinity-mirror-led,Infinity LED Mirror,LED infinity mirror creating endless tunnel illusion.,4999,6749,/images/prod-mirror-infinity.jpg,https://quality-glass-website.vercel.app/product/infinity-mirror-led,2026-09-27,no,no,no,no
round-vanity-led-mirror,Round Vanity LED Mirror,Hollywood-style round LED with adjustable brightness.,3499,4719,/images/prod-mirror-vanity.jpg,https://quality-glass-website.vercel.app/product/round-vanity-led-mirror,2026-09-27,no,no,no,no
instagram-handle-mirror-led,Instagram Handle LED Mirror,Custom LED mirror shaped as your IG handle.,3999,5399,/images/prod-insta-handle.jpg,https://quality-glass-website.vercel.app/product/instagram-handle-mirror-led,2026-09-27,no,no,no,no
ayatul-kursi-calligraphy-frame,Ayatul Kursi Calligraphy Frame,Arabic calligraphy of Ayatul Kursi in gold.,1099,1479,/images/prod-islamic-ayatul.jpg,https://quality-glass-website.vercel.app/product/ayatul-kursi-calligraphy-frame,2026-09-27,no,no,no,no
last-supper-frame,Last Supper Frame,Leonardo's Last Supper premium print.,1299,1749,/images/prod-christian-supper.jpg,https://quality-glass-website.vercel.app/product/last-supper-frame,2026-09-27,no,no,no,no
sacred-heart-jesus-frame,Sacred Heart of Jesus Frame,Sacred Heart with golden halo.,1049,1419,/images/prod-christian-sacred.jpg,https://quality-glass-website.vercel.app/product/sacred-heart-jesus-frame,2026-09-27,no,no,no,no
photo-calendar-custom,Custom Photo Calendar,Personalized with YOUR photos.,799,1079,/images/prod-cal-custom.jpg,https://quality-glass-website.vercel.app/product/photo-calendar-custom,2026-09-27,no,no,no,no
premium-wall-calendar-2026,Premium Wall Calendar 2026,12-month wall calendar with stunning photos.,499,669,/images/prod-cal-wall.jpg,https://quality-glass-website.vercel.app/product/premium-wall-calendar-2026,2026-09-27,no,no,no,no
rgb-color-changing-led-frame,RGB Color Changing LED Frame,Remote-controlled RGB LED strip with 16 colors.,1999,2699,/images/prod-led-rgb.jpg,https://quality-glass-website.vercel.app/product/rgb-color-changing-led-frame,2026-09-27,no,no,no,no
gojo-infinity-void-frame,Gojo Infinity Void Frame,Gojo Satoru with Infinity Void technique.,949,1279,/images/prod-anime-gojo.jpg,https://quality-glass-website.vercel.app/product/gojo-infinity-void-frame,2026-09-27,no,no,no,no
ram-darbar-frame,Ram Darbar Frame,Complete Ram Darbar in royal setting.,1099,1479,/images/prod-hindu-ram.jpg,https://quality-glass-website.vercel.app/product/ram-darbar-frame,2026-09-27,no,no,no,no
wedding-story-trio-set,Wedding Story Trio Set (3 frames),"Tell your shaadi story across three coordinated frames — haldi, pheras, reception.",1249,1749,/images/prod-hindu-ram.jpg,https://quality-glass-website.vercel.app/product/wedding-story-trio-set,2026-09-27,no,no,no,no
makkah-kaaba-frame,Makkah Kaaba Frame,Holy Kaaba at night with golden dome.,1199,1619,/images/prod-islamic-kaaba.jpg,https://quality-glass-website.vercel.app/product/makkah-kaaba-frame,2026-09-27,no,no,no,no
jinwoo-shadow-monarch-frame,Jin-Woo Shadow Monarch Frame,Sung Jin-Woo as Shadow Monarch.,999,1349,/images/prod-anime-jinwoo.jpg,https://quality-glass-website.vercel.app/product/jinwoo-shadow-monarch-frame,2026-09-27,no,no,no,no
mughal-empire-golden-frame,Mughal Empire Golden Frame,Ornate Mughal-era design with intricate gold leaf patterns.,1299,1749,/images/prod-hist-mughal.jpg,https://quality-glass-website.vercel.app/product/mughal-empire-golden-frame,2026-09-27,no,no,no,no
music-sync-led-frame,Music Sync LED Frame,LED frame that pulses with music beats.,2499,3369,/images/prod-led-music.jpg,https://quality-glass-website.vercel.app/product/music-sync-led-frame,2026-09-27,no,no,no,no
reel-ring-light-mirror,Reels Ring Light Mirror,Large mirror with ring light for perfect reels.,4499,6069,/images/prod-insta-ring.jpg,https://quality-glass-website.vercel.app/product/reel-ring-light-mirror,2026-09-27,no,no,no,no
ganesha-utsav-frame,Ganesha Utsav Frame,Vibrant Ganesha festive colors.,949,1279,/images/prod-hindu-ganesha.jpg,https://quality-glass-website.vercel.app/product/ganesha-utsav-frame,2026-09-27,no,no,no,no
family-wall-memory-set-5,Family Memory Wall Set (5 frames),"Curated 5-frame gallery wall set for family photos — ready arrangement, just add photos.",1499,2099,/images/prod-hindu-ganesha.jpg,https://quality-glass-website.vercel.app/product/family-wall-memory-set-5,2026-09-27,no,no,no,no
mandir-corner-duo-set,Mandir Corner Duo Set (2 frames),Two matching god-photo frames for a serene mandir corner.,999,1449,/images/prod-hindu-ganesha.jpg,https://quality-glass-website.vercel.app/product/mandir-corner-duo-set,2026-09-27,no,no,no,no
taj-mahal-moonlight-frame,Taj Mahal Moonlight Frame,Taj Mahal under full moon.,1299,1749,/images/prod-land-taj.jpg,https://quality-glass-website.vercel.app/product/taj-mahal-moonlight-frame,2026-09-27,no,no,no,no
himalayan-sunrise-frame,Himalayan Sunrise Frame,Himalayan peaks golden light.,1199,1619,/images/prod-land-himalaya.jpg,https://quality-glass-website.vercel.app/product/himalayan-sunrise-frame,2026-09-27,no,no,no,no
rajput-heritage-frame,Rajput Heritage Frame,Hand-carved Rajasthani motifs with traditional red and gold.,1199,1619,/images/prod-hist-rajput.jpg,https://quality-glass-website.vercel.app/product/rajput-heritage-frame,2026-09-27,no,no,no,no
warm-white-led-frame,Warm White LED Frame,Elegant warm white LED backlight frame.,1599,2159,/images/prod-led-warm.jpg,https://quality-glass-website.vercel.app/product/warm-white-led-frame,2026-09-27,no,no,no,no
full-length-floor-led-mirror,Full Length Floor LED Mirror,Standing full-length with perimeter LED strip.,5999,8099,/images/prod-mirror-floor.jpg,https://quality-glass-website.vercel.app/product/full-length-floor-led-mirror,2026-09-27,no,no,no,no
hashtag-neon-mirror,Hashtag Neon Mirror,Mirror with neon hashtag for photo backdrops.,2499,3369,/images/prod-insta-hashtag.jpg,https://quality-glass-website.vercel.app/product/hashtag-neon-mirror,2026-09-27,no,no,no,no
bismillah-frame,Bismillah Frame,Bismillah calligraphy with geometric patterns.,949,1279,/images/prod-islamic-bismillah.jpg,https://quality-glass-website.vercel.app/product/bismillah-frame,2026-09-27,no,no,no,no
krishna-murli-frame,Krishna Murli Frame,Krishna playing flute under moonlight.,999,1349,/images/prod-hindu-krishna.jpg,https://quality-glass-website.vercel.app/product/krishna-murli-frame,2026-09-27,no,no,no,no
virgin-mary-frame,Virgin Mary Frame,Virgin Mary with blue veil.,999,1349,/images/prod-christian-mary.jpg,https://quality-glass-website.vercel.app/product/virgin-mary-frame,2026-09-27,no,no,no,no
goa-beach-sunset-frame,Goa Beach Sunset Frame,Golden sunset over Goa beach.,999,1349,/images/prod-land-goa.jpg,https://quality-glass-website.vercel.app/product/goa-beach-sunset-frame,2026-09-27,no,no,no,no
hindu-panchang-calendar,Hindu Panchang Calendar,Traditional Panchang with festival dates.,599,809,/images/prod-cal-panchang.jpg,https://quality-glass-website.vercel.app/product/hindu-panchang-calendar,2026-09-27,no,no,no,no
