path,page_title,h1,word_count,starts_at_inr,has_json_ld,source_url,raw_text_file,observed_date
/,Quality Glass Emporium & Photo Framing Center — Raebareli,Every memory deserves a frame.,990,149,no,https://quality-glass-website.vercel.app/,raw-pages/home.txt,2026-09-27
/shop,Shop — Quality Glass Emporium,Framed to perfection.,0,,no,https://quality-glass-website.vercel.app/shop,raw-pages/shop.txt,2026-09-27
/track,Quality Glass Emporium & Photo Framing Center — Raebareli,Track your order ऑर्डर ट्रैक करें,55,,no,https://quality-glass-website.vercel.app/track,raw-pages/track.txt,2026-09-27
/bulk,Quality Glass Emporium & Photo Framing Center — Raebareli,Bulk & event orders थोक / इवेंट ऑर्डर,147,,no,https://quality-glass-website.vercel.app/bulk,raw-pages/bulk.txt,2026-09-27
/studio,"Custom Framing Studio — frame your photo online | Quality Glass Emporium, Raebareli","Frame your photo, live.",172,120,no,https://quality-glass-website.vercel.app/studio,raw-pages/studio.txt,2026-09-27
/gallery,"Our Recent Work — Photo Framing Gallery | Quality Glass Emporium, Raebareli","Framed by hand, loved by Raebareli.",145,,no,https://quality-glass-website.vercel.app/gallery,raw-pages/gallery.txt,2026-09-27
/services,"Services & Prices — Photo Framing, Glass, Printing, Lamination | Quality Glass Emporium, Raebareli","Everything we craft, one shop.",575,399,no,https://quality-glass-website.vercel.app/services,raw-pages/services.txt,2026-09-27
/about,Quality Glass Emporium & Photo Framing Center — Raebareli,Crafting frames since 2018.,225,,no,https://quality-glass-website.vercel.app/about,raw-pages/about.txt,2026-09-27
/contact,Quality Glass Emporium & Photo Framing Center — Raebareli,Let's talk about your frame.,60,,no,https://quality-glass-website.vercel.app/contact,raw-pages/contact.txt,2026-09-27
/faq,Quality Glass Emporium & Photo Framing Center — Raebareli,Frequently Asked Questions,135,,no,https://quality-glass-website.vercel.app/faq,raw-pages/faq.txt,2026-09-27
/photo-framing-raebareli,Photo Framing in Raebareli | Quality Glass Emporium & Photo Framing Center,Photo Framing in Raebareli — crafted to last a lifetime,477,,no,https://quality-glass-website.vercel.app/photo-framing-raebareli,raw-pages/photo-framing-raebareli.txt,2026-09-27
/custom-frames-raebareli,Custom Frame Shop in Raebareli | Made-to-Order Frames — Quality Glass Emporium,"Custom frames, made to order — your size, your style",463,,no,https://quality-glass-website.vercel.app/custom-frames-raebareli,raw-pages/custom-frames-raebareli.txt,2026-09-27
/glass-mirror-work-raebareli,"Glass & Mirror Work in Raebareli | Cutting, Table Tops, Sheets — Quality Glass Emporium",Glass & mirror work in Raebareli — cut exactly to your size,453,,no,https://quality-glass-website.vercel.app/glass-mirror-work-raebareli,raw-pages/glass-mirror-work-raebareli.txt,2026-09-27
/wedding-album-framing-raebareli,Wedding Album & Shadi Photo Framing in Raebareli | Quality Glass Emporium,"Wedding album framing in Raebareli — your big day, kept beautiful",327,,no,https://quality-glass-website.vercel.app/wedding-album-framing-raebareli,raw-pages/wedding-album-framing-raebareli.txt,2026-09-27
/certificate-framing-raebareli,Certificate & Document Framing in Raebareli | Quality Glass Emporium,"Certificate & document framing in Raebareli — neat, uniform, professional",272,,no,https://quality-glass-website.vercel.app/certificate-framing-raebareli,raw-pages/certificate-framing-raebareli.txt,2026-09-27
/god-frame-mandir-raebareli,God Frame & Mandir Photo Frame in Raebareli | Quality Glass Emporium,God frames & mandir frames in Raebareli — finished to worship with,290,,no,https://quality-glass-website.vercel.app/god-frame-mandir-raebareli,raw-pages/god-frame-mandir-raebareli.txt,2026-09-27
/photo-gift-frames-raebareli,Photo Gift Frames & Custom Name Frames in Raebareli | Quality Glass Emporium,Photo gift frames in Raebareli — give a framed memory,286,,no,https://quality-glass-website.vercel.app/photo-gift-frames-raebareli,raw-pages/photo-gift-frames-raebareli.txt,2026-09-27
/anime-poster-framing-raebareli,Anime Poster & Manga Framing in Raebareli | Quality Glass Emporium,Anime posters & manga frames in Raebareli — bring your universe home,287,,no,https://quality-glass-website.vercel.app/anime-poster-framing-raebareli,raw-pages/anime-poster-framing-raebareli.txt,2026-09-27
/office-bulk-frames-raebareli,"Office & Bulk Framing in Raebareli | Corporate Gifts, Certificates — Quality Glass Emporium","Office & bulk framing in Raebareli — uniform, on time, on budget",280,200,no,https://quality-glass-website.vercel.app/office-bulk-frames-raebareli,raw-pages/office-bulk-frames-raebareli.txt,2026-09-27
/product/ancient-temple-carving-frame,Ancient Temple Carving Frame — Quality Glass Emporium,Ancient Temple Carving Frame,290,490,no,https://quality-glass-website.vercel.app/product/ancient-temple-carving-frame,raw-pages/product__ancient-temple-carving-frame.txt,2026-09-27
/product/rajput-heritage-frame,Rajput Heritage Frame — Quality Glass Emporium,Rajput Heritage Frame,290,420,no,https://quality-glass-website.vercel.app/product/rajput-heritage-frame,raw-pages/product__rajput-heritage-frame.txt,2026-09-27
/product/warm-white-led-frame,Warm White LED Frame — Quality Glass Emporium,Warm White LED Frame,289,560,no,https://quality-glass-website.vercel.app/product/warm-white-led-frame,raw-pages/product__warm-white-led-frame.txt,2026-09-27
/product/full-length-floor-led-mirror,Full Length Floor LED Mirror — Quality Glass Emporium,Full Length Floor LED Mirror,287,1199,no,https://quality-glass-website.vercel.app/product/full-length-floor-led-mirror,raw-pages/product__full-length-floor-led-mirror.txt,2026-09-27
/product/infinity-mirror-led,Infinity LED Mirror — Quality Glass Emporium,Infinity LED Mirror,288,1199,no,https://quality-glass-website.vercel.app/product/infinity-mirror-led,raw-pages/product__infinity-mirror-led.txt,2026-09-27
/product/round-vanity-led-mirror,Round Vanity LED Mirror — Quality Glass Emporium,Round Vanity LED Mirror,287,1199,no,https://quality-glass-website.vercel.app/product/round-vanity-led-mirror,raw-pages/product__round-vanity-led-mirror.txt,2026-09-27
/product/hashtag-neon-mirror,Hashtag Neon Mirror — Quality Glass Emporium,Hashtag Neon Mirror,291,870,no,https://quality-glass-website.vercel.app/product/hashtag-neon-mirror,raw-pages/product__hashtag-neon-mirror.txt,2026-09-27
/product/instagram-handle-mirror-led,Instagram Handle LED Mirror — Quality Glass Emporium,Instagram Handle LED Mirror,292,1199,no,https://quality-glass-website.vercel.app/product/instagram-handle-mirror-led,raw-pages/product__instagram-handle-mirror-led.txt,2026-09-27
/product/bismillah-frame,Bismillah Frame — Quality Glass Emporium,Bismillah Frame,284,330,no,https://quality-glass-website.vercel.app/product/bismillah-frame,raw-pages/product__bismillah-frame.txt,2026-09-27
/product/ayatul-kursi-calligraphy-frame,Ayatul Kursi Calligraphy Frame — Quality Glass Emporium,Ayatul Kursi Calligraphy Frame,286,380,no,https://quality-glass-website.vercel.app/product/ayatul-kursi-calligraphy-frame,raw-pages/product__ayatul-kursi-calligraphy-frame.txt,2026-09-27
/product/last-supper-frame,Last Supper Frame — Quality Glass Emporium,Last Supper Frame,281,450,no,https://quality-glass-website.vercel.app/product/last-supper-frame,raw-pages/product__last-supper-frame.txt,2026-09-27
/product/sacred-heart-jesus-frame,Sacred Heart of Jesus Frame — Quality Glass Emporium,Sacred Heart of Jesus Frame,281,370,no,https://quality-glass-website.vercel.app/product/sacred-heart-jesus-frame,raw-pages/product__sacred-heart-jesus-frame.txt,2026-09-27
/product/photo-calendar-custom,Custom Photo Calendar — Quality Glass Emporium,Custom Photo Calendar,279,280,no,https://quality-glass-website.vercel.app/product/photo-calendar-custom,raw-pages/product__photo-calendar-custom.txt,2026-09-27
/product/premium-wall-calendar-2026,Premium Wall Calendar 2026 — Quality Glass Emporium,Premium Wall Calendar 2026,281,170,no,https://quality-glass-website.vercel.app/product/premium-wall-calendar-2026,raw-pages/product__premium-wall-calendar-2026.txt,2026-09-27
/product/rgb-color-changing-led-frame,RGB Color Changing LED Frame — Quality Glass Emporium,RGB Color Changing LED Frame,290,700,no,https://quality-glass-website.vercel.app/product/rgb-color-changing-led-frame,raw-pages/product__rgb-color-changing-led-frame.txt,2026-09-27
/product/gojo-infinity-void-frame,Gojo Infinity Void Frame — Quality Glass Emporium,Gojo Infinity Void Frame,285,330,no,https://quality-glass-website.vercel.app/product/gojo-infinity-void-frame,raw-pages/product__gojo-infinity-void-frame.txt,2026-09-27
/product/ram-darbar-frame,Ram Darbar Frame — Quality Glass Emporium,Ram Darbar Frame,281,380,no,https://quality-glass-website.vercel.app/product/ram-darbar-frame,raw-pages/product__ram-darbar-frame.txt,2026-09-27
/product/wedding-story-trio-set,Wedding Story Trio Set (3 frames) — Quality Glass Emporium,Wedding Story Trio Set (3 frames),308,500,no,https://quality-glass-website.vercel.app/product/wedding-story-trio-set,raw-pages/product__wedding-story-trio-set.txt,2026-09-27
/product/makkah-kaaba-frame,Makkah Kaaba Frame — Quality Glass Emporium,Makkah Kaaba Frame,285,420,no,https://quality-glass-website.vercel.app/product/makkah-kaaba-frame,raw-pages/product__makkah-kaaba-frame.txt,2026-09-27
/product/jinwoo-shadow-monarch-frame,Jin-Woo Shadow Monarch Frame — Quality Glass Emporium,Jin-Woo Shadow Monarch Frame,284,350,no,https://quality-glass-website.vercel.app/product/jinwoo-shadow-monarch-frame,raw-pages/product__jinwoo-shadow-monarch-frame.txt,2026-09-27
/product/mughal-empire-golden-frame,Mughal Empire Golden Frame — Quality Glass Emporium,Mughal Empire Golden Frame,290,450,no,https://quality-glass-website.vercel.app/product/mughal-empire-golden-frame,raw-pages/product__mughal-empire-golden-frame.txt,2026-09-27
/product/music-sync-led-frame,Music Sync LED Frame — Quality Glass Emporium,Music Sync LED Frame,290,870,no,https://quality-glass-website.vercel.app/product/music-sync-led-frame,raw-pages/product__music-sync-led-frame.txt,2026-09-27
/product/reel-ring-light-mirror,Reels Ring Light Mirror — Quality Glass Emporium,Reels Ring Light Mirror,292,1199,no,https://quality-glass-website.vercel.app/product/reel-ring-light-mirror,raw-pages/product__reel-ring-light-mirror.txt,2026-09-27
/product/ganesha-utsav-frame,Ganesha Utsav Frame — Quality Glass Emporium,Ganesha Utsav Frame,279,330,no,https://quality-glass-website.vercel.app/product/ganesha-utsav-frame,raw-pages/product__ganesha-utsav-frame.txt,2026-09-27
/product/family-wall-memory-set-5,Family Memory Wall Set (5 frames) — Quality Glass Emporium,Family Memory Wall Set (5 frames),309,600,no,https://quality-glass-website.vercel.app/product/family-wall-memory-set-5,raw-pages/product__family-wall-memory-set-5.txt,2026-09-27
/product/mandir-corner-duo-set,Mandir Corner Duo Set (2 frames) — Quality Glass Emporium,Mandir Corner Duo Set (2 frames),304,450,no,https://quality-glass-website.vercel.app/product/mandir-corner-duo-set,raw-pages/product__mandir-corner-duo-set.txt,2026-09-27
/product/krishna-murli-frame,Krishna Murli Frame — Quality Glass Emporium,Krishna Murli Frame,279,350,no,https://quality-glass-website.vercel.app/product/krishna-murli-frame,raw-pages/product__krishna-murli-frame.txt,2026-09-27
/product/virgin-mary-frame,Virgin Mary Frame — Quality Glass Emporium,Virgin Mary Frame,281,350,no,https://quality-glass-website.vercel.app/product/virgin-mary-frame,raw-pages/product__virgin-mary-frame.txt,2026-09-27
/product/goa-beach-sunset-frame,Goa Beach Sunset Frame — Quality Glass Emporium,Goa Beach Sunset Frame,280,350,no,https://quality-glass-website.vercel.app/product/goa-beach-sunset-frame,raw-pages/product__goa-beach-sunset-frame.txt,2026-09-27
/product/taj-mahal-moonlight-frame,Taj Mahal Moonlight Frame — Quality Glass Emporium,Taj Mahal Moonlight Frame,280,450,no,https://quality-glass-website.vercel.app/product/taj-mahal-moonlight-frame,raw-pages/product__taj-mahal-moonlight-frame.txt,2026-09-27
/product/himalayan-sunrise-frame,Himalayan Sunrise Frame — Quality Glass Emporium,Himalayan Sunrise Frame,279,420,no,https://quality-glass-website.vercel.app/product/himalayan-sunrise-frame,raw-pages/product__himalayan-sunrise-frame.txt,2026-09-27
/product/hindu-panchang-calendar,Hindu Panchang Calendar — Quality Glass Emporium,Hindu Panchang Calendar,280,210,no,https://quality-glass-website.vercel.app/product/hindu-panchang-calendar,raw-pages/product__hindu-panchang-calendar.txt,2026-09-27
