slug,display_name,old_site_tagline,source_url,observed_date,owner_approved
historical-frames,Historical Frames,Classic · Heritage · Timeless,https://quality-glass-website.vercel.app/shop?category=historical-frames,2026-09-27,no
led-frames,LED Frames,Glowing · Modern · Stylish,https://quality-glass-website.vercel.app/shop?category=led-frames,2026-09-27,no
led-mirrors,LED Mirrors,Illuminated · Vanity · Decor,https://quality-glass-website.vercel.app/shop?category=led-mirrors,2026-09-27,no
mirrors-insta,Mirrors with Insta Profiles,Instagram · Social · Trendy,https://quality-glass-website.vercel.app/shop?category=mirrors-insta,2026-09-27,no
anime,Anime,Naruto · Gojo · Luffy,https://quality-glass-website.vercel.app/shop?category=anime,2026-09-27,no
hindu,Hindu,Ganesha · Krishna · Ram,https://quality-glass-website.vercel.app/shop?category=hindu,2026-09-27,no
islamic,Islamic,Ayatul Kursi · Makkah,https://quality-glass-website.vercel.app/shop?category=islamic,2026-09-27,no
christian,Christian,Mary · Jesus · Sacred,https://quality-glass-website.vercel.app/shop?category=christian,2026-09-27,no
landscapes,Landscapes,Nature · Mountains · Scenic,https://quality-glass-website.vercel.app/shop?category=landscapes,2026-09-27,no
calendars,Calendars,Wall · Desk · Custom,https://quality-glass-website.vercel.app/shop?category=calendars,2026-09-27,no
